siteID,fbox_area_km2,nhd_length_m,nhd_length_km,nhd_wb_area_m2,nhd_wb_area_km2,huc2
ABBY,130.3566172728103,355001.89455963747,3550.0189455963746,144013.2631877847,0.1440132631877847,WBD_17_HU2
