siteID,fbox_area_km2,nhd_length_m,nhd_length_km,nhd_wb_area_m2,nhd_wb_area_km2,huc2
ARIK,187.73063476602172,163284.07345895897,1632.8407345895896,220642.20318996304,0.22064220318996303,WBD_10_HU2
