siteID,fbox_area_km2,nhd_length_m,nhd_length_km,nhd_wb_area_m2,nhd_wb_area_km2,huc2
BARR,255.23680813442826,258721.59787042253,2587.215978704225,21630842.316923853,21.630842316923854,WBD_19_HU2
