siteID,fbox_area_km2,nhd_length_m,nhd_length_km,nhd_wb_area_m2,nhd_wb_area_km2
BART,99.98272819620911,126479.56109992202,1264.7956109992201,106533.87542233788,0.10653387542233787
