siteID,fbox_area_km2,nhd_length_m,nhd_length_km,nhd_wb_area_m2,nhd_wb_area_km2,huc2
BLAN,125.71404803495025,136002.2297384735,1360.022297384735,256264.20630063716,0.2562642063006372,WBD_02_HU2
