siteID,fbox_area_km2,nhd_length_m,nhd_length_km,nhd_wb_area_m2,nhd_wb_area_km2,huc2
BLUE,662.1966244079329,1130402.0291688147,11304.020291688146,4916445.128090324,4.916445128090324,WBD_11_HU2
