siteID,fbox_area_km2,nhd_length_m,nhd_length_km,nhd_wb_area_m2,nhd_wb_area_km2,huc2
BONA,191.98319161051026,155112.34652930702,1551.1234652930702,136103.57520434426,0.13610357520434427,WBD_19_HU2
