siteID,fbox_area_km2,nhd_length_m,nhd_length_km,nhd_wb_area_m2,nhd_wb_area_km2,huc2
CRAM,146.39908458426612,4080.247691051464,40.802476910514635,4042171.734754826,4.042171734754826,WBD_07_HU2
