siteID,fbox_area_km2,nhd_length_m,nhd_length_km,nhd_wb_area_m2,nhd_wb_area_km2
CRAM,146.39908458426612,89170.2704520532,891.7027045205319,42022321.91713668,42.02232191713668
