siteID,fbox_area_km2,nhd_length_m,nhd_length_km,nhd_wb_area_m2,nhd_wb_area_km2
DELA,108.04333267121673,171528.64781134774,1715.2864781134774,26156688.72639484,26.15668872639484
