siteID,fbox_area_km2,nhd_length_m,nhd_length_km,nhd_wb_area_m2,nhd_wb_area_km2
DSNY,137.9994722033951,160968.34818868234,1609.6834818868235,52953419.152103975,52.953419152103976
