siteID,fbox_area_km2,nhd_length_m,nhd_length_km,nhd_wb_area_m2,nhd_wb_area_km2,huc2
GUIL,20.364470665314673,30461.585608269994,304.61585608269996,1635.9264218545286,0.0016359264218545285,WBD_21_HU2
