siteID,fbox_area_km2,nhd_length_m,nhd_length_km,nhd_wb_area_m2,nhd_wb_area_km2,huc2
HARV,277.34378249087047,266390.1074597156,2663.9010745971564,33796899.521201864,33.796899521201865,WBD_01_HU2
