siteID,fbox_area_km2,nhd_length_m,nhd_length_km,nhd_wb_area_m2,nhd_wb_area_km2
HOPB,19.335093693546295,23623.961867315582,236.23961867315583,91808.00900817804,0.09180800900817804
