siteID,fbox_area_km2,nhd_length_m,nhd_length_km,nhd_wb_area_m2,nhd_wb_area_km2
JERC,277.8533696948878,90891.58762787776,908.9158762787775,3341043.125389438,3.341043125389438
