FCode,sum_length,n_segments,sum_length_km,siteID,huc2
46003,454071.69097756746,19,454.07169097756747,KONA,WBD_10_HU2
55800,286782.120617411,12,286.782120617411,KONA,WBD_10_HU2
