siteID,fbox_area_km2,nhd_length_m,nhd_length_km,nhd_wb_area_m2,nhd_wb_area_km2,huc2
LAJA,100.86955309883002,203230.70475383155,2032.3070475383156,283183.5721981118,0.2831835721981118,WBD_21_HU2
