siteID,fbox_area_km2,nhd_length_m,nhd_length_km,nhd_wb_area_m2,nhd_wb_area_km2,huc2
LIRO,7.352549715889006,1661.5425305008207,16.615425305008205,876376.456196175,0.876376456196175,WBD_07_HU2
