siteID,fbox_area_km2,nhd_length_m,nhd_length_km,nhd_wb_area_m2,nhd_wb_area_km2,huc2
MCRA,8.338409005840301,31177.894993412978,311.7789499341298,810.9964245399169,8.109964245399169e-4,WBD_17_HU2
