FCode,sum_length,n_segments,sum_length_km,siteID,huc2
46003,14379914.833677873,108,14379.914833677873,MLBS,WBD_05_HU2
46006,6923662.697696754,52,6923.662697696754,MLBS,WBD_05_HU2
55800,1065178.8765687314,8,1065.1788765687313,MLBS,WBD_05_HU2
