siteID,fbox_area_km2,nhd_length_m,nhd_length_km,nhd_wb_area_m2,nhd_wb_area_km2
MLBS,132.7023003442903,34678.178455168534,346.78178455168535,3930.050538038835,0.003930050538038835
