siteID,fbox_area_km2,nhd_length_m,nhd_length_km,nhd_wb_area_m2,nhd_wb_area_km2,huc2
NOGP,99.9819559288832,103073.28863635544,1030.7328863635544,579350.5361665825,0.5793505361665825,WBD_10_HU2
