siteID,fbox_area_km2,nhd_length_m,nhd_length_km,nhd_wb_area_m2,nhd_wb_area_km2,huc2
OAES,213.0448299087841,370381.67965580535,3703.8167965580533,1524138.3704619738,1.5241383704619738,WBD_11_HU2
