siteID,fbox_area_km2,nhd_length_m,nhd_length_km,nhd_wb_area_m2,nhd_wb_area_km2,huc2
ONAQ,148.543293720459,300273.43495959183,3002.7343495959185,255538.43584881185,0.25553843584881186,WBD_16_HU2
