siteID,fbox_area_km2,nhd_length_m,nhd_length_km,nhd_wb_area_m2,nhd_wb_area_km2
OSBS,167.56280747938914,48514.78019092195,485.1478019092195,37484775.98708198,37.48477598708198
