siteID,fbox_area_km2,nhd_length_m,nhd_length_km,nhd_wb_area_m2,nhd_wb_area_km2
POSE,100.03364295101929,112082.1420186777,1120.821420186777,232428.87477488324,0.23242887477488325
