siteID,fbox_area_km2,nhd_length_m,nhd_length_km,nhd_wb_area_m2,nhd_wb_area_km2,huc2
SJER,100.00527859573364,313926.6410941844,3139.2664109418442,279182.0225151434,0.2791820225151434,WBD_18_HU2
