siteID,fbox_area_km2,nhd_length_m,nhd_length_km,nhd_wb_area_m2,nhd_wb_area_km2,huc2
STEI,154.2780495203328,108665.45026588354,1086.6545026588353,3970066.7098554564,3.9700667098554563,WBD_07_HU2
