FCode,sum_length,n_segments,sum_length_km,siteID,huc2
46003,9116904.732818142,98,9116.904732818142,STER,WBD_10_HU2
55800,1581503.8822235554,17,1581.5038822235554,STER,WBD_10_HU2
