siteID,fbox_area_km2,nhd_length_m,nhd_length_km,nhd_wb_area_m2,nhd_wb_area_km2,huc2
SYCA,179.25326472109793,529457.8785229835,5294.578785229835,34612.10006705747,0.03461210006705747,WBD_15_HU2
