siteID,fbox_area_km2,nhd_length_m,nhd_length_km,nhd_wb_area_m2,nhd_wb_area_km2,huc2
TALL,122.43457383641494,173262.33082046857,1732.6233082046858,601350.1095402606,0.6013501095402606,WBD_03_HU2
