siteID,fbox_area_km2,nhd_length_m,nhd_length_km,nhd_wb_area_m2,nhd_wb_area_km2
TOMB,99.97954485508053,181580.1619845184,1815.801619845184,8081987.400179806,8.081987400179806
