siteID,fbox_area_km2,nhd_length_m,nhd_length_km,nhd_wb_area_m2,nhd_wb_area_km2,huc2
TREE,83.45689136955076,41931.341533571715,419.31341533571714,2336834.584342668,2.3368345843426677,WBD_07_HU2
