siteID,fbox_area_km2,nhd_length_m,nhd_length_km,nhd_wb_area_m2,nhd_wb_area_km2,huc2
WALK,191.92357960946606,372875.79359888757,3728.7579359888755,15662350.373687793,15.662350373687792,WBD_06_HU2
