siteID,fbox_area_km2,nhd_length_km,nhd_wb_area_km2,nhd_n1ha,huc2
ABBY,130.3566172728103,355.00189455963744,0.14401326318778468,3,WBD_17_HU2
