siteID,fbox_area_km2,nhd_length_km,nhd_wb_area_km2,nhd_n1ha,huc2
ARIK,187.73063476602172,163.28407345895894,0.22064220318996303,5,WBD_10_HU2
