siteID,fbox_area_km2,nhd_length_km,nhd_wb_area_km2,nhd_n1ha,huc2
BARR,255.23680813442826,258.7215978704225,21.630842316923854,76,WBD_19_HU2
