siteID,fbox_area_km2,nhd_length_km,nhd_wb_area_km2,nhd_n1ha,huc2
BLAN,125.71404803495025,136.00222973847352,0.2562642063006372,3,WBD_02_HU2
