siteID,fbox_area_km2,nhd_length_km,nhd_wb_area_km2,nhd_n1ha,huc2
BLUE,662.1966244079329,1137.499291113949,4.916445128090324,66,WBD_11_HU2
