siteID,fbox_area_km2,nhd_length_km,nhd_wb_area_km2,nhd_n1ha,huc2
CLBJ,129.17875196148526,254.29481062527776,1.9844834834882246,19,WBD_12_HU2
