siteID,fbox_area_km2,nhd_length_km,nhd_wb_area_km2,nhd_n1ha,huc2
CPER,99.98143625172497,206.4376926603991,0.2140986592548464,4,WBD_10_HU2
