siteID,fbox_area_km2,nhd_length_km,nhd_wb_area_km2,nhd_n1ha,huc2
CUPE,15.583077800220222,19.67712175287896,0.0021041538275412748,0,WBD_21_HU2
