siteID,fbox_area_km2,nhd_length_km,nhd_wb_area_km2,nhd_n1ha,huc2
DEJU,185.14136960154312,95.9301096792923,1.1283287086963107,32,WBD_19_HU2
