siteID,fbox_area_km2,nhd_length_km,nhd_wb_area_km2,nhd_n1ha,huc2
DELA,108.04333267121673,176.40317610244708,26.15668872639484,26,WBD_03_HU2
