siteID,fbox_area_km2,nhd_length_km,nhd_wb_area_km2,nhd_n1ha,huc2
DSNY,137.9994722033951,160.96834818868234,52.953419152103976,209,WBD_03_HU2
