siteID,fbox_area_km2,nhd_length_km,nhd_wb_area_km2,nhd_n1ha,huc2
GRSM,415.73220906964445,820.7235662405479,0.03657528549959772,1,WBD_06_HU2
