siteID,fbox_area_km2,nhd_length_km,nhd_wb_area_km2,nhd_n1ha,huc2
GUAN,126.91374277648823,164.74792917433714,1.631529792515467,14,WBD_21_HU2
