siteID,fbox_area_km2,nhd_length_km,nhd_wb_area_km2,nhd_n1ha,huc2
GUIL,20.364470665314673,30.461585608269992,0.0016359264218545285,0,WBD_21_HU2
