siteID,fbox_area_km2,nhd_length_km,nhd_wb_area_km2,nhd_n1ha,huc2
HARV,277.34378249087047,266.39010745971564,33.796899521201865,218,WBD_01_HU2
