siteID,fbox_area_km2,nhd_length_km,nhd_wb_area_km2,nhd_n1ha,huc2
HEAL,111.8198638341217,109.32181694666916,0.6394081073092414,3,WBD_19_HU2
