siteID,fbox_area_km2,nhd_length_km,nhd_wb_area_km2,nhd_n1ha,huc2
HOPB,19.335093693546295,23.623961867315582,0.09180800900817804,2,WBD_01_HU2
