siteID,fbox_area_km2,nhd_length_km,nhd_wb_area_km2,nhd_n1ha,huc2
JERC,277.8533696948878,93.41950204585216,3.3410431253894384,71,WBD_03_HU2
