siteID,fbox_area_km2,nhd_length_km,nhd_wb_area_km2,nhd_n1ha,huc2
JORN,301.7057593148021,4.296389179629084,0.24699785269637137,3,WBD_13_HU2
