siteID,fbox_area_km2,nhd_length_km,nhd_wb_area_km2,nhd_n1ha,huc2
KONA,19.705225562984467,23.898510051450916,0.043426723736532204,1,WBD_10_HU2
