siteID,fbox_area_km2,nhd_length_km,nhd_wb_area_km2,nhd_n1ha,huc2
KONZ,149.2103888308973,290.2764895469464,0.23384962837072532,2,WBD_10_HU2
