siteID,fbox_area_km2,nhd_length_km,nhd_wb_area_km2,nhd_n1ha,huc2
LAJA,100.86955309883002,203.23070475383156,0.2831835721981118,4,WBD_21_HU2
