siteID,fbox_area_km2,nhd_length_km,nhd_wb_area_km2,nhd_n1ha,huc2
LENO,99.97954485508053,181.58016198451838,8.081987400179806,48,WBD_03_HU2
