siteID,fbox_area_km2,nhd_length_km,nhd_wb_area_km2,nhd_n1ha,huc2
LIRO,7.352549715889006,1.6615425305008205,0.876376456196175,4,WBD_07_HU2
