siteID,fbox_area_km2,nhd_length_km,nhd_wb_area_km2,nhd_n1ha,huc2
MCDI,41.65269230253601,63.42944560955783,0.2307254982574387,3,WBD_10_HU2
