siteID,fbox_area_km2,nhd_length_km,nhd_wb_area_km2,nhd_n1ha,huc2
MCRA,8.338409005840301,31.177894993412973,8.109964245399169e-4,0,WBD_17_HU2
