siteID,fbox_area_km2,nhd_length_km,nhd_wb_area_km2,nhd_n1ha,huc2
MLBS,132.7023003442903,133.14735957109144,0.2396156134626474,1,WBD_05_HU2
