siteID,fbox_area_km2,nhd_length_km,nhd_wb_area_km2,nhd_n1ha,huc2
MOAB,99.98143083623505,135.615219146393,0.031146546299806354,1,WBD_14_HU2
