siteID,fbox_area_km2,nhd_length_km,nhd_wb_area_km2,nhd_n1ha,huc2
NOGP,99.9819559288832,103.07328863635544,0.5793505361665825,10,WBD_10_HU2
