siteID,fbox_area_km2,nhd_length_km,nhd_wb_area_km2,nhd_n1ha,huc2
OAES,213.0448299087841,370.3816796558054,1.524138370461974,26,WBD_11_HU2
