siteID,fbox_area_km2,nhd_length_km,nhd_wb_area_km2,nhd_n1ha,huc2
OKSR,93.41050254929243,107.38028286606851,3.6847629843080143,51,WBD_19_HU2
