siteID,fbox_area_km2,nhd_length_km,nhd_wb_area_km2,nhd_n1ha,huc2
ONAQ,148.543293720459,300.27343495959184,0.25553843584881186,2,WBD_16_HU2
