siteID,fbox_area_km2,nhd_length_km,nhd_wb_area_km2,nhd_n1ha,huc2
ORNL,191.92357960946606,372.8757935988875,15.662350373687792,19,WBD_06_HU2
