siteID,fbox_area_km2,nhd_length_km,nhd_wb_area_km2,nhd_n1ha,huc2
OSBS,167.56280747938914,48.51478019092195,37.48477598708198,159,WBD_03_HU2
