siteID,fbox_area_km2,nhd_length_km,nhd_wb_area_km2,nhd_n1ha,huc2
PRIN,66.5975432588112,103.65115721215261,0.42794807525246265,1,WBD_12_HU2
