siteID,fbox_area_km2,nhd_length_km,nhd_wb_area_km2,nhd_n1ha,huc2
RMNP,167.75305129757882,326.50424350005466,0.16288601170310965,1,WBD_10_HU2
