siteID,fbox_area_km2,nhd_length_km,nhd_wb_area_km2,nhd_n1ha,huc2
SCBI,100.03364295101929,112.08214201867769,0.23242887477488325,3,WBD_02_HU2
