siteID,fbox_area_km2,nhd_length_km,nhd_wb_area_km2,nhd_n1ha,huc2
SERC,99.9814584753952,162.17641859367063,9.538172848484221,24,WBD_02_HU2
