siteID,fbox_area_km2,nhd_length_km,nhd_wb_area_km2,nhd_n1ha,huc2
SJER,100.00527859573364,313.9266410941844,0.2791820225151434,7,WBD_18_HU2
