siteID,fbox_area_km2,nhd_length_km,nhd_wb_area_km2,nhd_n1ha,huc2
SOAP,99.98138092230225,677.2345560375534,0.008127445581062697,0,WBD_18_HU2
