siteID,fbox_area_km2,nhd_length_km,nhd_wb_area_km2,nhd_n1ha,huc2
SRER,367.57378873836524,1550.7974946692261,0.04970654263939559,0,WBD_15_HU2
