siteID,fbox_area_km2,nhd_length_km,nhd_wb_area_km2,nhd_n1ha,huc2
STEI,154.2780495203328,108.66545026588355,3.9700667098554563,27,WBD_07_HU2
