siteID,fbox_area_km2,nhd_length_km,nhd_wb_area_km2,nhd_n1ha,huc2
STER,99.92811858390046,93.02964013079738,0.04963070768881429,1,WBD_10_HU2
