siteID,fbox_area_km2,nhd_length_km,nhd_wb_area_km2,nhd_n1ha,huc2
SYCA,179.21673756279856,529.4144679004106,0.03461210006705747,2,WBD_15_HU2
