siteID,fbox_area_km2,nhd_length_km,nhd_wb_area_km2,nhd_n1ha,huc2
TALL,122.43457383641494,173.26233082046855,0.6013501095402606,4,WBD_03_HU2
