siteID,fbox_area_km2,nhd_length_km,nhd_wb_area_km2,nhd_n1ha,huc2
TEAK,182.04470790619095,851.5039203337851,2.951284460875605,20,WBD_18_HU2
