siteID,fbox_area_km2,nhd_length_km,nhd_wb_area_km2,nhd_n1ha,huc2
TOOL,283.98581230233765,470.09913324776875,6.114474709493012,74,WBD_19_HU2
