siteID,fbox_area_km2,nhd_length_km,nhd_wb_area_km2,nhd_n1ha,huc2
TREE,83.45689136955076,41.93134153357171,2.3368345843426677,28,WBD_07_HU2
