siteID,fbox_area_km2,nhd_length_km,nhd_wb_area_km2,nhd_n1ha,huc2
UKFS,111.44981491969418,140.8716678898874,1.2102721959770444,18,WBD_10_HU2
