siteID,fbox_area_km2,nhd_length_km,nhd_wb_area_km2,nhd_n1ha,huc2
UNDE,146.39908458426612,4.080247691051463,4.042171734754826,8,WBD_07_HU2
