siteID,fbox_area_km2,nhd_length_km,nhd_wb_area_km2,nhd_n1ha,huc2
WOOD,262.5612227397533,121.90376032048862,21.50718809880667,353,WBD_10_HU2
