siteID,fbox_area_km2,nhd_length_km,nhd_wb_area_km2,nhd_n1ha,huc2
WREF,197.99441608759795,965.2169901118134,0.7116081646607538,14,WBD_17_HU2
