siteID,fbox_area_km2,nhd_length_km,nhd_wb_area_km2,nhd_n1ha,huc2
YELL,204.78064102721592,269.0735118517822,1.4417571478107218,29,WBD_10_HU2
